,reward,episode_duration
0,20,5.825169563293457
1,24,8.953187465667725
2,27,9.683504343032837
3,20,8.910463094711304
4,28,9.103235006332397
5,24,9.113551139831543
6,29,9.070345401763916
7,33,9.034926176071167
8,20,8.996905088424683
9,22,9.004104137420654
10,19,9.058903694152832
11,19,9.028133392333984
12,24,9.093955755233765
13,15,9.190948963165283
14,19,9.28719425201416
15,20,9.111694097518921
16,21,9.182958364486694
17,15,9.130212783813477
18,16,9.163002967834473
19,12,9.264740943908691
20,17,9.1751549243927
21,18,9.014222383499146
22,14,9.077994346618652
23,24,9.0178964138031
24,14,9.210220098495483
25,22,9.273681879043579
26,21,9.231044292449951
27,14,9.217221736907959
28,21,9.164793014526367
29,27,9.127415418624878
30,20,9.151785612106323
31,18,8.979713201522827
32,7,9.095801830291748
33,8,9.055416345596313
34,15,9.12601113319397
35,17,9.129691123962402
36,17,9.259343147277832
37,20,9.298744440078735
38,8,9.194913864135742
39,20,9.231250286102295
40,21,9.069917440414429
41,18,9.049012899398804
42,13,9.060101747512817
43,18,9.062230587005615
44,24,9.295650005340576
45,14,9.266064643859863
46,20,9.298205137252808
47,15,9.127137660980225
48,23,9.345073699951172
49,17,9.187992095947266
50,18,8.978725910186768
51,15,9.021108627319336
52,14,8.950085401535034
53,16,9.162921905517578
54,23,9.19489049911499
55,17,9.389201164245605
56,24,9.262950658798218
57,13,9.302779197692871
58,20,9.265237092971802
59,21,9.26200556755066
60,20,9.304852485656738
61,16,9.197264909744263
62,19,9.294244050979614
63,23,9.297539234161377
64,11,9.172687768936157
65,18,9.221213579177856
66,23,9.370204210281372
67,17,9.286854982376099
68,15,9.265224695205688
69,17,9.25176739692688
70,15,9.262075185775757
71,10,9.077036142349243
72,10,9.1502103805542
73,15,9.25382375717163
74,7,9.281038522720337
75,13,9.288795948028564
76,16,9.24318528175354
77,14,9.138587474822998
78,4,9.076095581054688
79,23,9.162144899368286
80,13,9.124853610992432
81,12,9.256620407104492
82,7,9.259074449539185
83,12,9.145600080490112
84,9,9.1021568775177
85,8,9.177371263504028
86,6,9.193692207336426
87,8,9.128311157226562
88,12,9.217839479446411
89,2,9.31997275352478
90,10,9.202260732650757
91,12,9.24565076828003
92,10,9.299921035766602
93,2,9.203266382217407
94,5,9.103893756866455
95,6,9.033904075622559
96,19,9.150053024291992
97,1,9.021985292434692
98,0,9.22596287727356
99,0,9.185068130493164
