,reward,episode_duration
0,49,5.713911533355713
1,53,8.901658296585083
2,58,8.966358423233032
3,55,8.858768224716187
4,58,8.926886796951294
5,59,9.001014232635498
6,56,8.651960849761963
7,56,8.666023969650269
8,56,8.734002590179443
9,52,8.944200038909912
10,53,9.100196599960327
11,54,8.936883687973022
12,51,8.922859907150269
13,57,218.1623556613922
14,49,8.97475004196167
15,54,8.999236822128296
16,50,8.859795331954956
17,50,8.791837453842163
18,59,8.882793426513672
19,55,8.877298831939697
20,66,8.948267936706543
21,55,8.887882232666016
22,55,8.919104814529419
23,50,8.853964567184448
24,54,8.91680908203125
25,60,8.92876672744751
26,59,8.924250602722168
27,59,8.904191970825195
28,47,8.959067344665527
29,60,9.001057863235474
30,55,8.97474455833435
31,55,9.056490182876587
32,53,9.05332326889038
33,52,9.0086350440979
34,62,9.016233921051025
35,51,9.082173109054565
36,54,8.99054765701294
37,58,8.851203680038452
38,54,8.90788221359253
39,52,8.965921878814697
40,54,8.963282108306885
41,54,9.032599925994873
42,54,9.071102857589722
43,60,9.038941144943237
44,52,9.021165370941162
45,62,9.120613813400269
46,60,9.000066995620728
47,57,9.057284116744995
48,62,9.028026103973389
49,59,9.07996416091919
50,59,9.038870096206665
51,62,9.04608154296875
52,60,9.088874340057373
53,61,8.929081201553345
54,52,8.886936664581299
55,54,8.896912097930908
56,61,8.877052307128906
57,49,8.922054052352905
58,51,8.865073204040527
59,54,8.94084906578064
60,59,8.95395016670227
61,56,9.097138404846191
62,61,9.0721116065979
63,55,8.926687717437744
64,59,8.858027458190918
65,59,8.861923694610596
66,53,8.906185150146484
67,62,8.994882345199585
68,53,8.936960458755493
69,56,8.913748025894165
70,60,9.0272536277771
71,59,9.058422803878784
72,64,9.108195781707764
73,54,9.039247989654541
74,55,9.038856029510498
75,64,9.110066413879395
76,61,9.037048816680908
77,57,9.042669296264648
78,54,9.00794005393982
79,53,9.094207525253296
80,52,9.048028230667114
81,64,9.021681070327759
82,64,9.124120712280273
83,63,9.03183650970459
84,61,9.058779954910278
85,56,9.006224632263184
86,59,9.1861572265625
87,67,8.91887354850769
88,60,8.88267469406128
89,55,9.117979049682617
90,39,9.129125118255615
91,66,9.20156192779541
92,65,9.274648189544678
93,50,9.117796659469604
94,31,9.251161336898804
95,23,9.18397045135498
96,16,9.262782096862793
97,24,9.183396577835083
98,18,9.22778606414795
99,11,9.362876892089844
