,reward,episode_duration
0,62,5.4226603507995605
1,67,7.959777355194092
2,71,7.986016273498535
3,60,7.959839344024658
4,70,7.843410968780518
5,63,7.988039493560791
6,65,7.851553440093994
7,59,7.991844892501831
8,66,8.039872169494629
9,62,7.945078611373901
10,62,7.893424987792969
11,78,7.906073331832886
12,62,8.049915552139282
13,71,7.910982608795166
14,62,8.06859016418457
15,60,8.009953022003174
16,65,8.003906488418579
17,70,8.00989055633545
18,69,7.923032522201538
19,71,7.992613315582275
20,80,7.856419801712036
21,61,7.96891713142395
22,56,8.055961847305298
23,65,7.9433839321136475
24,47,8.017611503601074
25,48,7.858330249786377
26,50,8.048771142959595
27,46,8.032219171524048
28,50,7.966126918792725
29,37,8.030558586120605
30,53,7.9592790603637695
31,50,7.936194181442261
32,49,8.00704288482666
33,47,7.939816474914551
34,51,8.265483140945435
35,39,7.981968879699707
36,48,8.010302543640137
37,39,8.06298279762268
38,39,7.918620586395264
39,38,7.967357397079468
40,46,8.009994983673096
41,49,7.979484796524048
42,43,8.077855825424194
43,37,8.039168357849121
44,41,7.942111492156982
45,56,8.129656791687012
46,48,7.945939064025879
47,43,8.09740924835205
48,34,8.076324701309204
49,40,8.08048939704895
50,44,7.991637229919434
51,35,8.03035283088684
52,31,8.102126359939575
53,37,8.041041851043701
54,37,8.039094686508179
55,33,7.982711315155029
56,27,8.11574935913086
57,49,8.1390380859375
58,39,8.084867000579834
59,34,7.947128534317017
60,48,8.031890392303467
61,36,8.019988059997559
62,24,8.105492353439331
63,47,7.984208345413208
64,38,8.10191535949707
65,27,8.111074686050415
66,27,8.10995864868164
67,25,8.029095649719238
68,24,7.988866090774536
69,30,7.960639238357544
70,55,7.998885154724121
71,35,8.038934230804443
72,33,8.11033296585083
73,25,8.053152322769165
74,42,8.086735010147095
75,25,8.033846855163574
76,23,8.084023237228394
77,41,8.116101026535034
78,23,7.941691637039185
79,17,7.971812963485718
80,29,7.990382432937622
81,26,8.04393458366394
82,22,8.071722269058228
83,23,8.136957168579102
84,32,7.987481117248535
85,20,8.04264760017395
86,14,8.168004035949707
87,32,8.048060655593872
88,27,7.979055643081665
89,15,8.097204446792603
90,18,8.096912622451782
91,5,8.175628185272217
92,9,8.070036888122559
93,2,8.089507102966309
94,2,8.143441915512085
95,3,8.237046003341675
96,2,8.222500324249268
97,2,8.256103992462158
98,1,8.217139482498169
99,2,8.133580684661865
