,reward,episode_duration
0,33,5.564709424972534
1,34,8.414636373519897
2,42,8.418063163757324
3,43,8.647478103637695
4,36,8.438318014144897
5,38,8.539927244186401
6,34,8.504786729812622
7,44,8.589391946792603
8,38,8.444068908691406
9,43,8.588904857635498
10,39,8.474064588546753
11,37,8.583625316619873
12,47,8.548255443572998
13,45,8.584060907363892
14,42,8.528134822845459
15,40,8.669787168502808
16,46,8.494125127792358
17,43,8.634956121444702
18,47,8.611171960830688
19,46,8.659770011901855
20,46,8.512019634246826
21,38,8.567559242248535
22,40,8.550346374511719
23,38,8.604017972946167
24,47,8.58419919013977
25,41,8.701731443405151
26,49,8.627925872802734
27,34,8.645971298217773
28,46,8.505038738250732
29,36,8.604835987091064
30,46,8.625453233718872
31,48,8.6506507396698
32,31,8.82636022567749
33,45,8.667769432067871
34,35,8.615939617156982
35,40,8.647538661956787
36,31,8.549957513809204
37,35,8.754129648208618
38,38,8.639906167984009
39,39,8.540122747421265
40,42,8.566649913787842
41,37,8.5635986328125
42,43,8.577760457992554
43,46,8.589454174041748
44,47,8.66699504852295
45,43,8.671728134155273
46,44,8.610958099365234
47,40,8.557106256484985
48,33,8.62742805480957
49,42,8.64806842803955
50,38,8.628806591033936
51,39,8.645531415939331
52,43,8.681432962417603
53,46,8.687870740890503
54,44,8.60371732711792
55,48,8.680086374282837
56,47,8.658907175064087
57,43,8.75209641456604
58,46,8.545181035995483
59,37,8.7039053440094
60,39,8.755035877227783
61,37,8.60286808013916
62,38,8.672998666763306
63,33,8.696875095367432
64,42,8.642865896224976
65,30,8.687063217163086
66,33,8.66601848602295
67,35,8.650107622146606
68,41,8.62578010559082
69,42,8.637872457504272
70,31,8.724129676818848
71,36,8.60112977027893
72,35,8.782597064971924
73,34,8.665129899978638
74,25,8.708295345306396
75,36,8.56992220878601
76,35,8.573012113571167
77,36,8.454596042633057
78,34,8.612953662872314
79,34,8.744510412216187
80,31,8.710691928863525
81,45,8.727871417999268
82,44,8.618168115615845
83,45,8.518272638320923
84,33,8.537041187286377
85,25,8.619840860366821
86,33,8.62996220588684
87,27,8.60794973373413
88,37,8.596978425979614
89,36,8.629759073257446
90,23,8.615349531173706
91,46,8.578896284103394
92,11,8.583718061447144
93,7,8.378153324127197
94,15,8.553808689117432
95,16,8.52607250213623
96,21,8.605028867721558
97,13,8.624714851379395
98,1,8.549311876296997
99,12,8.618833541870117
