,reward,episode_duration
0,48,5.804899454116821
1,50,9.42482590675354
2,51,9.531999588012695
3,47,9.459871530532837
4,57,9.117670774459839
5,43,9.249366283416748
6,51,9.14010214805603
7,55,9.23600697517395
8,51,9.213626623153687
9,50,9.15632438659668
10,50,9.110939502716064
11,53,9.24584698677063
12,49,9.462660312652588
13,52,9.319132804870605
14,45,9.195007562637329
15,42,9.17487907409668
16,47,9.139862060546875
17,47,9.569980382919312
18,51,9.334068536758423
19,44,9.243004083633423
20,53,9.121033191680908
21,54,9.436285257339478
22,52,9.604694843292236
23,52,9.450114727020264
24,50,9.309687376022339
25,54,9.42204761505127
26,54,9.33098578453064
27,48,9.319031238555908
28,49,9.269729137420654
29,49,9.321292400360107
30,57,9.424108028411865
31,46,9.4700026512146
32,45,9.501917362213135
33,56,9.443948030471802
34,46,9.46089243888855
35,46,9.40128755569458
36,52,9.403834104537964
37,51,9.230916976928711
38,53,9.363063097000122
39,52,9.34198522567749
40,48,9.245849609375
41,45,9.481900691986084
42,53,9.704038858413696
43,52,9.46891736984253
44,55,9.47987413406372
45,54,9.457674980163574
46,48,9.374182224273682
47,46,9.3787682056427
48,49,9.304053783416748
49,47,9.383431434631348
50,44,9.389858484268188
51,50,9.487272500991821
52,47,9.71958303451538
53,52,9.53080153465271
54,52,9.398775339126587
55,47,9.311126708984375
56,53,9.524580478668213
57,51,9.366133451461792
58,55,9.40684723854065
59,50,9.532311916351318
60,49,9.46170949935913
61,49,9.659828662872314
62,52,9.588038921356201
63,50,9.562098503112793
64,47,9.495858669281006
65,58,9.465468883514404
66,55,9.341776132583618
67,53,9.604818344116211
68,49,9.498282670974731
69,52,9.305606365203857
70,50,9.380548000335693
71,49,9.47453761100769
72,55,9.628944158554077
73,51,9.537991523742676
74,54,9.377065181732178
75,51,9.365062713623047
76,56,9.56997275352478
77,52,9.377063274383545
78,49,9.497005462646484
79,47,9.317086458206177
80,52,9.440036535263062
81,44,9.488025426864624
82,57,9.792868852615356
83,55,9.580967426300049
84,53,9.322091817855835
85,52,9.405054330825806
86,49,9.452022790908813
87,54,9.359070062637329
88,56,9.462018966674805
89,50,9.465023279190063
90,61,9.573965072631836
91,46,9.64396047592163
92,61,9.828852415084839
93,46,9.51948857307434
94,37,9.459529399871826
95,46,9.476508378982544
96,56,9.43803071975708
97,49,9.641923904418945
98,43,9.682419538497925
99,37,9.762871742248535
