,reward,episode_duration
0,47,5.781082630157471
1,59,9.12353777885437
2,49,9.20461893081665
3,54,9.111359119415283
4,51,9.088048934936523
5,53,9.152595520019531
6,51,9.126231670379639
7,55,9.232834100723267
8,51,9.164115905761719
9,56,9.116909980773926
10,58,9.078033208847046
11,48,9.151889324188232
12,54,9.198031902313232
13,50,9.148231744766235
14,55,9.171769380569458
15,59,9.17803168296814
16,60,9.144927740097046
17,53,9.14318585395813
18,56,9.148864030838013
19,56,9.21820330619812
20,58,9.2229163646698
21,60,9.208906173706055
22,53,9.309962034225464
23,53,9.237208127975464
24,53,9.194790363311768
25,56,9.103171110153198
26,56,9.152893781661987
27,56,9.171879529953003
28,51,9.18848204612732
29,58,9.19701886177063
30,53,9.275246143341064
31,56,9.231070756912231
32,53,9.314360857009888
33,52,9.189836263656616
34,54,9.170837640762329
35,49,9.20797848701477
36,46,9.181169509887695
37,48,9.20010781288147
38,56,9.182918310165405
39,61,9.140169858932495
40,51,9.241832256317139
41,56,9.222159385681152
42,60,9.348525524139404
43,45,9.220045328140259
44,50,9.283907651901245
45,57,9.215389966964722
46,52,9.209770441055298
47,57,9.198055505752563
48,54,9.88786768913269
49,55,9.400808811187744
50,55,9.420227527618408
51,55,9.376577854156494
52,59,9.388051986694336
53,45,9.375970840454102
54,50,9.317070245742798
55,60,9.283959865570068
56,59,9.319936037063599
57,58,9.372076034545898
58,54,9.360830307006836
59,54,9.314055681228638
60,58,9.367504358291626
61,56,9.355884552001953
62,53,9.463322162628174
63,56,9.339827299118042
64,61,9.408949375152588
65,52,9.39607858657837
66,55,9.404335260391235
67,51,9.372503519058228
68,62,9.411060571670532
69,55,9.394090175628662
70,52,9.4019775390625
71,61,9.394604921340942
72,56,9.428447723388672
73,51,9.537758111953735
74,50,9.358965635299683
75,57,9.311076641082764
76,54,9.35945200920105
77,59,9.292417049407959
78,58,9.163779258728027
79,56,9.132795095443726
80,50,9.180039167404175
81,59,9.204885482788086
82,51,9.351497411727905
83,49,9.309425592422485
84,56,9.40630316734314
85,64,9.409727334976196
86,60,9.274471044540405
87,44,9.052325248718262
88,55,9.114119052886963
89,52,9.084944009780884
90,56,9.03984808921814
91,67,9.20826530456543
92,64,9.304598331451416
93,64,9.34710144996643
94,57,9.330772399902344
95,65,9.34430456161499
96,60,9.369823694229126
97,58,9.373133420944214
98,48,9.422638893127441
99,31,9.441142797470093
