,reward,episode_duration
0,171,7.347072124481201
1,170,11.391091585159302
2,162,12.373193264007568
3,151,12.462490797042847
4,146,12.414338111877441
5,145,12.458946228027344
