,reward,episode_duration
0,62,5.548947334289551
1,67,7.930801868438721
2,71,7.9139955043792725
3,60,8.627052783966064
4,71,7.972038984298706
5,63,8.034061431884766
6,66,7.938589572906494
7,74,8.15479063987732
8,66,8.042200565338135
9,58,7.975938558578491
10,72,7.941842317581177
11,81,7.922399997711182
12,56,7.989044666290283
13,54,7.941070556640625
14,56,7.919993162155151
15,52,8.034000158309937
16,74,18.794618606567383
17,76,8.091327667236328
18,51,8.027836084365845
19,69,8.063095808029175
20,63,8.083903789520264
21,79,8.044389009475708
22,77,8.064640998840332
23,81,7.97391676902771
24,59,8.056099653244019
25,48,7.943507671356201
26,43,8.132335186004639
27,40,8.098520994186401
28,76,7.969040632247925
29,45,8.058014631271362
30,64,7.968972682952881
31,67,8.03674840927124
32,81,8.075026750564575
33,39,8.13998293876648
34,42,8.057950496673584
35,85,8.19199275970459
36,80,8.000094175338745
37,47,8.052354574203491
38,37,8.105816841125488
39,72,8.10861873626709
40,30,8.11929726600647
41,41,8.055794954299927
42,57,8.05301570892334
43,82,7.947452545166016
44,81,8.16194200515747
45,74,8.029033899307251
46,78,8.097947359085083
47,53,8.125966787338257
48,32,7.9769463539123535
49,31,8.122973680496216
50,70,8.1220383644104
51,80,8.056863784790039
52,71,8.28317141532898
53,30,8.067896604537964
54,37,7.938153505325317
55,24,8.094672679901123
56,25,7.972867965698242
57,44,8.0399751663208
58,73,7.9319846630096436
59,50,8.01020336151123
60,41,8.075937986373901
61,85,8.062771320343018
62,89,8.127074003219604
63,24,8.011875867843628
64,13,8.21812915802002
65,27,8.13585901260376
66,67,8.054871559143066
67,25,8.046996355056763
68,19,7.93606162071228
69,74,8.042961120605469
70,58,7.955992937088013
71,21,8.044928312301636
72,83,8.115739822387695
73,37,8.078263521194458
74,21,7.990923166275024
75,15,8.038054704666138
76,13,8.151839017868042
77,87,8.13746953010559
78,31,8.07410478591919
79,71,8.00896406173706
80,16,7.979959964752197
81,20,8.042805910110474
82,92,8.130941390991211
83,31,8.093930006027222
84,51,8.124035120010376
85,67,8.142982482910156
86,14,8.087971448898315
87,22,8.20396637916565
88,16,7.9929680824279785
89,64,8.213099718093872
90,42,8.147929668426514
91,1,8.073861598968506
92,0,8.078978061676025
93,0,8.104981899261475
94,3,8.274930477142334
95,3,8.179084062576294
96,1,8.143965721130371
97,3,8.192078828811646
98,2,8.049940824508667
99,2,8.182050466537476
