,reward,episode_duration
0,177,7.397648096084595
1,167,11.41520071029663
2,148,12.7077476978302
3,135,12.78229808807373
4,128,12.68196415901184
5,103,12.624980211257935
